[
  {
    "docid": "DEV-MUC3-0017",
    "dateline": "SANTIAGO, 10 JAN 90",
    "doctext": "police are carrying out intensive operations in the town of molina in the seventh region in search of a gang of alleged extremists who could be linked to a recently discovered arsenal.  it has been reported that carabineros in molina raided the house of 25-year-old worker mario munoz pardo, where they found a fal rifle, ammunition clips for various weapons, detonators, and material for making explosives.    it should be recalled that a group of armed individuals wearing ski masks robbed a businessman on a rural road near molina on 7 january.  the businessman, enrique ormazabal ormazabal, tried to resist; the men shot him and left him seriously wounded.  he was later hospitalized in curico. carabineros carried out several operations, including the raid on munoz' home.  the police are continuing to patrol the area in search of the alleged terrorist command.",
    "arson": 0,
    "attack": 0,
    "bombing": 0,
    "forced work stoppage": 0,
    "kidnapping": 0,
    "robbery": 0,
    "comments": ""
  },
  {
    "docid": "DEV-MUC3-0049",
    "dateline": "LA PAZ, 24 DEC 88",
    "doctext": "according to a claim made by the minister of interior, migration, and justice, juan carlos duran, 1988 was a \"positive year,\" because the government managed to score achievements in the economic area as well as in defense of the democratic system existing in bolivia.    the minister remarked:  \"i believe that it was a year of full accomplishment, a very positive and very good year\"; he added that the months of the current fiscal year represented progress for the government in state administration tasks.    he explained that greater consolidation was achieved in the economic area, making it possible for the efforts intended to reinforce bolivia's political system to be well aimed.    he claimed that a system such as the one in force in our nation has enabled the citizens to enjoy \"absolute freedom,\" something that has been underscored not only in our country, but in the nations of the entire world as well.    he noted that the government has not had to resort to any unusual action to defend democracy.  he recalled martial law had not been ordered, attesting to progress in the national consciousness.    he commented:  \"bolivia is an exemplary country in terms of freedom,\" stressing the benefits this nation has experienced by having a democratic system in which everyone has an opportunity to disagree even with the executive branch.    he said that the citizens as a whole have found it necessary for rights to be recognized and obligations accepted.  for this reason, he claimed, the present government has made it possible to achieve stability in the various fields of activity, something that will have far more visible effects in the near future. drug trafficking    with regard to the battle against the drug traffic, he cited the work performed by the special forces to battle drug trafficking which, according to his account, destroyed hundred of cocaine factories and processing pits, in addition to confiscating drugs and arresting persons linked with their production or illicit trafficking.    he declared that, despite its economic and technical limitations, bolivia has managed to respond to the international confidence and to foster a consciousness aimed at improving the methods for combating drug traffickers. robbery    the minister announced that the santa cruz police had mobilized in a \"combing operation,\" to find the perpetrators of the robbery of a car on the track of the eastern railroad system from which 130,000 bolivianos, intended to pay christmas bonuses, was stolen.    he said that the armed forces and police were still complying with instructions to eradicate the crime that has been occurring on a large scale during recent months in the city of santa cruz, and to benefit the eastern population with protection.    he explained that the police have been taking statements from individuals who may have seen the holdup men at close range, so as to capture them promptly.",
    "arson": 0,
    "attack": 0,
    "bombing": 0,
    "forced work stoppage": 0,
    "kidnapping": 0,
    "robbery": 0,
    "comments": ""
  },
  {
    "docid": "DEV-MUC3-0065",
    "dateline": "CORRIENTES, 6 FEB 89 (NA)",
    "doctext": "two individuals wearing military uniforms and carrying submachineguns early this morning entered the infant health center of mercedes, 240 km from corrientes, and took large quantities of blood, serum and medicine.    this information as confirmed by mayor jose alberto troncoso who alerted the population to provide any information on the individuals. police forces have been deployed around mercedes to prevent their escape.",
    "arson": 0,
    "attack": 0,
    "bombing": 0,
    "forced work stoppage": 0,
    "kidnapping": 0,
    "robbery": 0,
    "comments": ""
  },
  {
    "docid": "DEV-MUC3-0141",
    "dateline": "SAN SALVADOR, 19 MAR 89 (ACAN-EFE)",
    "doctext": "the salvadoran army accepted responsibility this morning for the death of two reporters who were shot by soldiers in the past few hours in the capital and in the eastern san miguel department.    according to the official report, in both cases, the soldiers fired when the reporters, both salvadorans, ignored orders to halt.  however, friends of the victims maintain this is not true.    a spokesman for the army press committee said that last night, an air force member fired at photographers roberto navas and luis galdamez, salvadorans who work for the british reuter news agency, \"when they failed to stop at a military checkpoint\" at a capital city avenue.    navas died and galdamez was seriously injured.  galdamez was left lying in the street until he was picked up \"several hours later,\" by his own account, and taken to a hospital, where he underwent surgery.    according to hospital sources and reuter, galdamez is now \"out of danger;\" it will not be necessary to amputate his right arm, as was originally feared.    another reporter, mauricio pineda, a sound technician for canal doce television of san salvador, died this morning in the eastern part of the country at a crossroads, when a soldier fired at pineda's vehicle while he was on his way to cover today's elections.    the army spokesman emphasized that in both cases, \"the soldiers fired on suspicious-looking people who did not respect the stop sign at a military checkpoint.\"    however, galdamez said he and navas, who were on a motocycle, did stop at the checkpoint and that the soldiers fired on them without justification.    raul beltran, one of mauricio pineda's coworkers, said the canal doce team was traveling in a station wagon with white flags and signs indicating they were reporters and that the soldiers fired without having first given any indication the reporters should stop.",
    "arson": 0,
    "attack": 0,
    "bombing": 0,
    "forced work stoppage": 0,
    "kidnapping": 0,
    "robbery": 0,
    "comments": ""
  },
  {
    "docid": "DEV-MUC3-0149",
    "dateline": "HAVANA (CUBA), 20 MAR 89 (TASS)",
    "doctext": "jose ricardo perdomo, chairman of the central electoral council of el salvador, announced the end of the presidential elections in the country in a telephone interview with tass.  the counting of votes in sunday's election in the presence of foreign observers was in progress, and preliminary results would be declared later on monday.  political observers believe that alfredo cristiani, candidate of the right-wing nationalist republican alliance, has won.    staff members of the (central electoral) council noted in an interview with (tass) that voting began slowly in the morning.  a total of 1,835,000 voters were registered in the country with a population of five million. according to estimates of journalists in san salvador, the percentage of salvadoreans who abstained from voting was higher this time than at the 1984 presidential election which was won by jose napoleon duarte, candidate of the christian democratic party.    constant armed clashes between detachments of the farabundo marti national liberation front and army units interfered with the presidential election.  on the eve of the election, the insurgent radio stations (venceremos and farabundo) marti broadcast reports that guerillas would not attack polling stations.  insurgents attacked military garrisons in morer than 20 inhabited localities throughout the country on sunday, putting out of action some 150 government troops.  guerillas also downed a helicopter gunship in usulutan region.  as a result of insurgent actions, a considerable part of the country remains without electricity or telephone communication.  the insurgent operation to block highways and railways continues.    (vides) casanova, salvadorean minister of defence and public security, admitted that the election did not take place in 29 out of 262 districts in the country due to the fact that the army could not restore control over those territories.    apart from motor vehicles with troops and military partols, only taxis with journalists covering the voting drove in san salvador on the election day.  press cars had white handkerchiefs fixed to aerials.  this precaution was taken after military patrols killed three journalists:  robnerto navas, a reuter news photographer, coronel lagrow, a dutch tv correspondent, and mauricio pineda, a staff member of salvadorean television.  luis galdamez, another reuter correspondent, was seriously wounded, and his arm will probably have to be amputated.",
    "arson": 0,
    "attack": 0,
    "bombing": 0,
    "forced work stoppage": 0,
    "kidnapping": 0,
    "robbery": 0,
    "comments": ""
  },
  {
    "docid": "DEV-MUC3-0204",
    "dateline": "SAN SALVADOR, 10 MAY 89 (RADIO CADENA SONORA)",
    "doctext": "concerning a last-minute report which international news agencies are attributing to a clandestine radio venceremos announcement of an operation concerning attacks against several military garrisons in various parts of the country, we interviewed colonel mauricio ernesto vargas, commander in chief of the 3d infantry brigade stationed in san miguel.  we contacted him by telephone, as follows:    (begin recording) (sorto) colonel, is it true this is part of a regional or national operation to attack the nationalist republican alliance?    (vargas) i do not know if this is part of a regional or national operation.  all i know is that these are treacherous, cowardly actions, because they are afraid of confronting the soldiers, the 3d infantry brigade military units.  in san miguel, there were five explosions in open areas about 2 to 3 km apart.  there were no casualties or material damage inflicted on the 3d infantry brigade or its installations.  they hit some fuel tanks filled with about 3,000 gallons of gasoline, which started a fire.  however, the fires were in open areas, so there have been no casualties or material damage to the installations.    (sorto) the farabundo marti national liberation front (fmln) claims it seized el salitre estate and, from there, attacked the 3d infantry brigade.    (vargas) el salitre estate was not occupied.  an old shack on the estate was set ablaze, but the fire department controlled the fire.  i think these are the great revolutionary victories the fmln talks about: attacks against fixed installations that contain no military units, where not even peasants are sleeping at the time.  i believe this is where the fmln says it fights heroically for 4 hours to burn seven patches of crops and how it claims it heroically fights to down power towers, which are unmoving objects.  these are the only great actions it carries out, but these actions are against fixed targets that cannot move.  i repeat, these are cowardly actions that do not confront the soldiers who represent the military abilities of the government and the country.    (sorto) do you have any units combing the area?      (vargas) yes, definitely, we have men in the area.  the truth is that at 0200 today, units were being mobilized.  as i said, these are cowardly actions, carried out in the dark, and the fmln flees when it sees our well-trained men in military uniform.  that is all i have to say.    (sorto) you have permanent guards for san miguel.  some of the market vendors told us for the first time, not a single shot was heard.    (vargas) yes, that is right.  as i said, there have not been any attacks or harassment, just five explosive devices, which does not represent any changes in the correlation of military forces.  the people of san miguel should be calm; we will provide them with security.  the people of the eastern area of the country should be calm, because we will increase our abilities and efforts to provide them with all the security possible.  the fmln will have to pay for being so audacious.    (sorto) the fmln said it was fighting in berlin and alegria.      (vargas) we have no knowledge of any action in berlin and alegria.  we have reports that in san ildefonso, san vicente department -- south of cabanas -- there were problems because the national guard -- which we support throughout the national territory -- reported some catapults had been fired.  however, nothing else happened, and i have no reports of any action in other places.    (sorto) today is mother's day.      (vargas) yes, definitely, greetings to all mothers:  have faith and hope that your sons are here -- from the general to the last soldier -- and they love you very much and are working for you, so you will have the peace and tranquility you need as mothers to generate love and courage for each of your sons.  on behalf of all your sons, the soldiers, to all mothers of the eastern area and of el salvador: receive love and kisses. (end recording)",
    "arson": 0,
    "attack": 0,
    "bombing": 0,
    "forced work stoppage": 0,
    "kidnapping": 0,
    "robbery": 0,
    "comments": ""
  },
  {
    "docid": "DEV-MUC3-0278",
    "dateline": "BOGOTA, 3 JUL 89 (AFP)",
    "doctext": "armed forces commander general oscar botero restrepo reported today that guerrillas of the pro - castro army of national liberation (eln) set fire to three tank trucks that were carrying oil from the cano limon oilfield in arauca department, which borders venezuela, to colombia's interior.      the attack was carried out in boqueron, between pajarito and yopal, in casanare department, where the subversives have unleashed a violent campaign against colombia's oil infrastructure to force their demands for the nationalization of the oil industry.    gen botero said that the rebels -- who have dynamited the country's main oil pipeline, the cano limon - convenas pipeline, 23 times thus far this year -- intercepted the vehicles in the middle of the highway and set them on fire after forcing the drivers to get out of the vehicles.  the eln guerrillas simultaneously wrote slogans in support of the so-called simon bolivar national guerrilla coordinating board.  during the last few hours, this group agreed with president barco's administration to begin a direct dialogue to seek peace in colombia.      no deaths were reported in the attack by the eln, which was founded during the 1960's and is led by manuel perez, a spanish priest.    meanwhile, another commando group from the camilist union (named in memory of colombian priest camilo restrepo, who was killed by soldiers in 1966 while still a member of the eln), ambushed a military patrol on the agua azul - terranova highway, also in casanare, killing two soldiers.  gen botero said that two soldiers stepped on a mine during the guerrilla attack and three other soldiers were wounded.",
    "arson": 0,
    "attack": 0,
    "bombing": 0,
    "forced work stoppage": 0,
    "kidnapping": 0,
    "robbery": 0,
    "comments": ""
  },
  {
    "docid": "DEV-MUC3-0284",
    "dateline": "BOGOTA, 10 JUL 89 (INRAVISION TELEVISION CADENA 2)",
    "doctext": "the mayors of cocorna, san carlos, and san francisco were released in the municipality of san francisco, antioquia, this morning.  they were kidnapped last saturday by the army of national liberation (eln).  our reporter lays vargas has more on this:    (begin recording) (vargas) the mayors of cocorna, san carlos, and san francisco were released at 0430 this morning on san lorenzo avenue of cocorna municipality.  they had been kidnapped this past weekend by the eln.  the purpose of the kidnapping was to publicize, through the mayors, a communique in which the rebel group announces its campaign war for life, comes out against the dirty war, and makes a new call for a national oil forum for various political and labor organizations to discuss the status of this vital product of our economy.  the eln hopes to present through this forum its views on oil policy.    (mayor nevardo morales) they assured us that nothing would happen to us, that everything would be all right because this was only part of a campaign they are waging called the war for life. they kidnapped me and took me to their camp.      (vargas) what is in the communique, mayor?    (morales) the communique is being held by the mayor of san carlos.  in any event, we want to speak to the government secretary tomorrow or this afternoon to give him the communique.  we do not know when it will be possible to speak to him.    (vargas) in the coming hours, the mayors of cocorna, san francisco, and san carlos will travel to medellin to meet with the government secretary. tomorrow they plan to hold a news conference during which they will present the communique given to them by the eln.  (end recording)",
    "arson": 0,
    "attack": 0,
    "bombing": 0,
    "forced work stoppage": 0,
    "kidnapping": 0,
    "robbery": 0,
    "comments": ""
  },
  {
    "docid": "DEV-MUC3-0301",
    "dateline": "SAN SALVADROR, 19 JUL 89 (RADIO CADENA YSKL)",
    "doctext": "salvadoran president alfredo cristiani has given assurances that there will be no military intervention at the university of el salvador campus, despite the violent incidents that have occurred over the past few days. these incidents have not resulted in any deaths, although several people have been injured.  the president said that the incidents at the university are part of a broader plan to provoke the 1st brigade troops patrolling the area.  however, the president added, there will be no military intervention at the university, even if the soldiers who are surrounding the campus are provoked.    two students who were arrested last week and who were presented by the treasury police have admitted their participation in leftist, destabilizing groups' activities.  one of the students arrested is luis osvaldo sandoval, a fifth - grade student at the jose matias salgado school, who admitted being a member of the bread, land, work, and freedom movement and that he has participated in activities such as writing messages and pasting propaganda on walls and burning vehicles.    the second student arrested is ramon parada garcia, a 2d - year student at the (alfredo ban ferrer national institute), who said that he is a member of the erp (people's revolutionary army).  the two youths said that they joined these organizations because they are paid on a monthly basis, explaining that their families have no other source of income.  the treasury police said that the arrested students have requested the protection of that security force.",
    "arson": 0,
    "attack": 0,
    "bombing": 0,
    "forced work stoppage": 0,
    "kidnapping": 0,
    "robbery": 0,
    "comments": ""
  },
  {
    "docid": "DEV-MUC3-0304",
    "dateline": "TEGUCIGALPA, 20 JUL 89 (DPA)",
    "doctext": "with simultaneous bomb explosions in the honduran capital and la ceiba port, located approximately 355 km from tegucigalpa on the atlantic coast, a new guerrilla group calling itself the \"9 may\" people's liberation forces, fpl, announced its emergence as one of the armed organizations struggling for power.    three bombs went off simultaneously in tegucigalpa, one at the central park, another at the state-run university of honduras, and another at a training school for teachers.  at the same time, a bomb exploded at a university branch in la ceiba.      all the blasts occurred at 1130 (local time).  only one person who happened to be passing by the central park in tegucigalpa at the time of the explosion was wounded as a result of the blasts.  a communique issued by the new group points out that \"one does not weep for martyrs, but avenges them\" and adds that \"traitor indians come before the invading gringos.\"    the proclamation criticizes the murder of popular leaders that took place in the country in early july and denounces other leftist labor and guerrilla organizations.    the armed forces, through its commander, general humberto regalado hernandez, responded immediately by stating that \"the only real communists left in the world are hondurans, because they are changing in other countries\" and are no longer exploding bombs.      the military leader asked people to attach no significance to the incident and said that should the wave of political violence continue, leftist groups would have to be called to a dialogue to avoid other similar actions.    the \"9 may\" fpl proclamation was issued in the northern city of san pedro sula, 255 km from tegucigalpa.",
    "arson": 0,
    "attack": 0,
    "bombing": 0,
    "forced work stoppage": 0,
    "kidnapping": 0,
    "robbery": 0,
    "comments": ""
  },
  {
    "docid": "DEV-MUC3-0379",
    "dateline": "BOGOTA, 25 AUG 89 (INRAVISION TELEVISION CADENA 1)",
    "doctext": "last minute report: in confusing events, police lieutenant alfredo correa and one private were killed in valle department.  no further information on this incident has been made available, other than that authorities are investigating the event.    it has also been reported that 10th army brigade members found and confiscated 2 metric tons of high-grade cocaine at la moneda farm in lechi, caucasia, at the border between antioquia and cordoba departments.  the drug was found in sealed waterproof packages in underground tunnels. this makes authorities believe the drug was ready to be air dropped over the sea to be picked up by drug traffickers. in addition, a large number of arms, a sizable amount of ammunition, as well as automobiles and radio sets were confiscated.  the drug was set on fire in the presence of judges and military authorities.  a clandestine landing strip was also destroyed.    arson seems to be the new criminal style used in antioquia.  in less than 24 hours, four farms have been set on fire.  three of these farms, located near medellin, are owned by political and industrial leaders edgar gutierrez castro, ignacio velez escobar, and augusto lopez.  the most recent of these incidents occurred at the llano grande country club early this morning. several armed men showed up at the site and set the club on fire after threatening and beating up the watchmen.  the amount of the losses has not yet been determined.  the manager did not allow reporters into the place.  it was reported, however, that the attackers identified themselves as extraditables who said the action was being taken in reprisal for the government actions against them.  the armed men left the place shouting that their reaction has just begun and that their struggle will continue. further damage to the club and the loss of human life were prevented by workers who reacted promptly.    the colombian government has taken measures to counteract these actions. the army this afternoon will receive the initial u.s.  tactical support as part of the new antiterrorist offensive, government sources have reported. u.s. military cargo planes will fly to colombia armed twin-turbine bell-212 helicopters.  in addition, the pentagon will ship radio communications equipment.  the helicopters will be flown by colombian military crews, u.s. state department sources said in washington.  for the time being, both george bush's administration and virgilio barco's government are not considering the presence of u.s. military men in colombia.      over the past 72 hours, the army raided five farms, one home, and a bar-restaurant owned by gonzalo rodriguez gacha, camilo zapata, and pablo escobar gaviria.  the raids were conducted by 13th brigade troops in chia, pacho, and bogota.  this farm, known as el castillo de marroquin, owned by zapata and estimated to be worth more than 100 billion pesos, was raided on wednesday afternoon.  according to the army, this veritable fortress, located on the el comun bridge, was managed by retired police major alvaro tovar tovar.  luxurious cars, a gold-ornamented chapel, a swimming pool fitted with a heating system, 15 stables with fine horses, a tennis court, and the impressive castle all make up a farm worth millions.  extensive gardens, long trails, and an attractive lake complement the wonderful natural landscape of the real estate right by the bogota northern freeway.  there are exotic adornments on the walls.  for instance, there is a botero painting worth 4 million pesos.  in one room, there were many electric appliances and a full radio communications set.  the exorbitant wealth is indicated by even a witchcraft room.  (continued)",
    "arson": 0,
    "attack": 0,
    "bombing": 0,
    "forced work stoppage": 0,
    "kidnapping": 0,
    "robbery": 0,
    "comments": ""
  },
  {
    "docid": "DEV-MUC3-0396",
    "dateline": "JERUSALEM (ISRAEL), 29 AUG 89 (DOMESTIC SERVICE)",
    "doctext": "before addressing the issue of colombia, minister shahal pointed out: i do not know about any cartels in colombia, nor did i meet any cattle breeders (reference to the profession claimed (begin recording) (shahal) we have an excellent relationship with colombia in several very concrete spheres.  these include the purchase of coal, for which we signed a 4-year contract during my visit there about a year ago.  that contract has been fulfilled to the satisfaction of both sides.  the colombian coal is excellent, as is the price we pay for it.  we are a very good customer, and the relations between us are very close.  (end recording)    by the way, the trade agreement between the two countries was formulated by the lady in the news, monica de greiff, who was the energy ministry director general during minister shahal's visit to columbia.  at present she is bogota's justice minister, and is hiding in the united states from the drug cartel's assassination threats.    minister shahal stressed that in his meetings with the administration heads in colombia, the latter had lavished praise on the assistance extended by our defense sector to colombia.      (begin recording) (shahal) it is absolutely true.  israel trained colombian defense establishment elements; this was done in the customary way and with the approval of the defense minister.  colombia bought security products from israel, such as the kfir planes, which were the other side of the coal purchase.  on the day i met with the colombian president he signed an order approving the purchase of the kfir planes by the colombian air force.  a day later we signed the coal agreement.  the total value of the deal was about $200 to $250 million for each side.  (passage omitted) (end recording)",
    "arson": 0,
    "attack": 0,
    "bombing": 0,
    "forced work stoppage": 0,
    "kidnapping": 0,
    "robbery": 0,
    "comments": ""
  },
  {
    "docid": "DEV-MUC3-0434",
    "dateline": "BOGOTA, 5 SEP 89 (AFP)",
    "doctext": "spokesmen of the bogota mayor's office and the police have reported that city authorities today reinforced security measures to prevent terrorist actions.    security personnel were increased at key public and private buildings, the eldorado international airport, and bus terminals.    after a meeting with the city's security council, mayor andres pastrana issued a decree prohibiting any meetings, gatherings, rallies, or demonstrations in the bogota district.    the decree, which was issued within the framework of the current state of siege, sets sentences of up to 60 days in jail and fines of 60,000 pesos ($150) for the organizers of such demonstrations.    shortly after the decree was issued, a telephone booth in southern bogota was destroyed by a bomb, police reported.  there were no casualties.",
    "arson": 0,
    "attack": 0,
    "bombing": 0,
    "forced work stoppage": 0,
    "kidnapping": 0,
    "robbery": 0,
    "comments": ""
  },
  {
    "docid": "DEV-MUC3-0461",
    "dateline": "BOGOTA, 11 SEP 89 (RADIO CADENA NACIONAL)",
    "doctext": "medellin -- four men who were travelling in a privately owned blue renault with license plates le-7570, have set fire to two government vehicles in the urban area of rio negro municipality, in the eastern region of antioquia.  two of them were arrested following a shoot-out with policemen, who also seized the vehicle in which the criminals had been travelling.    the arrested men have been identified as diego leon orozco, 23, who claimed he is an electrician; and ernesto gonzalez, also 23.  they were seen spreading gasoline on and setting fire to an antioquia department dumptruck, with license plates ol-1400, and to a national government isuzu dumptruck with license plates op-4184.    the electrical equipment of these two vehicles was severely damaged.  the authorities have said that a third terrorist was wounded and escaped on foot in the company of a fourth one.    a search is being carried out.",
    "arson": 0,
    "attack": 0,
    "bombing": 0,
    "forced work stoppage": 0,
    "kidnapping": 0,
    "robbery": 0,
    "comments": ""
  },
  {
    "docid": "DEV-MUC3-0508",
    "dateline": "BOGOTA, 22 SEP 89 (DPA)",
    "doctext": "another dynamite attack tonight against a branch office of the daily el espectador, west of bogota, has resulted in injuries to a policeman and heavy property damage, it was officially reported.    according to the report, several men riding in an automobile threw a powerful bomb at the morning daily's office, injuring sigifredo arevalo who was guarding the site.    on 2 september the main offices of el espectador were partially destroyed by a powerful bomb.  that attack was attributed to the drug mafias against which the newspaper has courageously set itself.    since that date, the narco-terrorists have carried out 30 dynamite attacks in bogota, the new site of the \"war\" that began in medellin.    nine political party headquarters, state and private bank offices, business establishments, and private homes have been destroyed by bomb explosions in bogota in the last 48 hours.",
    "arson": 0,
    "attack": 0,
    "bombing": 0,
    "forced work stoppage": 0,
    "kidnapping": 0,
    "robbery": 0,
    "comments": ""
  },
  {
    "docid": "DEV-MUC3-0519",
    "dateline": "CLANDESTINE, 26 SEP 89 (RADIO VENCEREMOS)",
    "doctext": "just 10 days after a dialogue was held in mexico, the situation has become more tense in view of the governments and armed force's attitude.  the general command of the fmln (farabundo marti national liberation front) hereby announces the following:    1.  the fmln has shown its willingness and flexibility by carrying out unilateral actions, and presenting a realitistic peace proposal that covers the aspirations of the entire nation in ending the conflict in a short period of time.    2.  on the contrary, the government and the armed forces have not made any efforts, but rather they have hardened their stands and carried out repressive actions.  in the last few days, while we offered a unilateral truce, the government and the armed forces have conducted provoking war actions; launched military operations in the areas under guerrilla control; bombed civilian populations in morazan, chalatenango, and guazapa; maintained a military seige on the university and trade union buildings; and evicted peasants and tenants from their lands.  the government and the armed forces have been unleashing a merciless repression against the organization of the people, trade unions, peasants, religious groups, and students.  the nation has been shocked to hear that over 400 people were captured in the last month.    dozens of people are missing or dead.  the fascist brutal government is not ashamed to exhibit undignified pictures of trade union leaders -- who show signs of having been tortured -- testifying before judges.  the government publicly shows the horror of women who have been raped in the prisons of the national police, the outrages committed against the baptist church, and the beatings and threats against newsmen.  the government exhibits terrifying photographs in the newspapers of workers tied by their thumbs, and blindfolded in the most repulsive styles of the death squads.    we have reached such a state of provocation that vice president francisco merino is trying to humiliate publicly the people's sectors by calling them trash.  the government has not even tried to solve the case of the war handicapped; there are 45 of them occupying the metropolitan cathedral.  the only answer to their demands for medical attention abroad is the riot policemen that have been sent to threaten attacking (words indistinct) to achieve the freedom of 11 innocent youths who were captured at a local clinic.  to make matters worse, the u.s. congress has approved sending $90 million to the fascist government to continue financing the war and repression.    3.  this state of repression and this mockery to the legitimate aspirations of the people for peace is unacceptable.  the salvadoran people say: no more captures, torture, murders, bombings, sieges, evictions, or humiliation!    to our friends and enemies, we say that just like we remain flexible and open for negotiations, we will likewise be willing, able, and ready to accompany the people in their struggle and strongly carry the flag of democracy and peace to advance until we have nailed that flag into the hearts of those who only want war.    this general command hereby orders all our groups, fighters, militia members, and collaborators to defend with honor and strength and with their weapons the flag of democracy and peace that the entire nation demands.    we hereby notify that today, 26 september 1989, our forces have begun a national maneuver that we call \"stop the repression, everyone for the achievement of democracy and peace.\" our maneuver calls for attacking several garrisons and strategic positions of the army in the four regions of the country.  we will continue reporting on the development of the actions in the four war fronts in a forthcoming communique.    against repression, everyone for achieving democracy and peace.",
    "arson": 0,
    "attack": 0,
    "bombing": 0,
    "forced work stoppage": 0,
    "kidnapping": 0,
    "robbery": 0,
    "comments": ""
  },
  {
    "docid": "DEV-MUC3-0547",
    "dateline": "SAN SALVADOR, 5 OCT 89 (AFP)",
    "doctext": "approximately 50 salvadoran leftist activists demanded the mediation of costa rican president oscar arias as a condition to leave the costa rican embassy which they forcefully occupied on the morning of 3 october.  date as received    jamin de fernandez, the wife of the costa rican ambassador, reported this to afp over the telephone.    costa rican ambassador jesus fernandez and two other diplomatic officials are being held hostage by members of the msgr oscar arnulfo romero federation of committees of mothers and relatives (fecmafam) of political prisoners and missing people.  some of these fecmafam members are carrying guns and incendiary bombs.    initially, the fecmafam members, who include several women, said that the embassy takeover was intended to \"report the repression by alfredo cristiani's rightist government.    however, mrs fernandez, who remains in her home, said that this afternoon her husband phoned her and stated that the fecmafam people \"demand to speak with president arias so that he will deliver a list of demands to cristiani.\"  the contents of this list is unknown.    president arias is currently in california.",
    "arson": 0,
    "attack": 0,
    "bombing": 0,
    "forced work stoppage": 0,
    "kidnapping": 0,
    "robbery": 0,
    "comments": ""
  },
  {
    "docid": "DEV-MUC3-0552",
    "dateline": "AYACUCHO, 4 OCT 89 (EFE)",
    "doctext": "according to military sources today, three members of the peasant defense patrols were murdered by a column of shining path members, and another two were wounded during an attack on huanta town in ayacucho province.    on 3 october the terrorists invaded calluchaca village, 7 km northeast of huanta, and attacked the members of the local \"peasant defense patrols,\" among them their 38-year old president fidel quispe, and set their houses on fire.    a a result of the attack quispe, isidoro saune, and dionisio aguirre were killed. federico paquillauvi and cirilo quispe were wounded according to the sources.    members of the peasant defense patrols, in addition to opposing the members of the shining path, participate in the peruvian flag raising ceremony every sunday at the plaza de armas in huantas. the ceremony is headed by the local military authorities.",
    "arson": 0,
    "attack": 0,
    "bombing": 0,
    "forced work stoppage": 0,
    "kidnapping": 0,
    "robbery": 0,
    "comments": ""
  },
  {
    "docid": "DEV-MUC3-0610",
    "dateline": "MOSCOW (USSR), 27 OCT 89 (IZVESTIYA)",
    "doctext": "on the morning of 26 october the editorial office received telegrams from reuters and afp from the peruvian capital, which said that bombs had gone off the day before outside the soviet and prc embassies in lima.  our correspondent yevgeniy bay contacted vladimir kotov, head of the tass department in peru, by telephone and asked him for the details.    (kotov) according to the police, unidentified persons drove up to the soviet embassy building and planted a bomb under a car belonging to one of our diplomatic personnel.  they hardly had time to drive off before an explosion rang out.  one car was totally destroyed and three neighboring vehicles were damaged.  this happened at 2015 local time. and at 2030 hours a volkswagen parked near the entrance of the prc embassy exploded after being packed with dynamite.    fortunately, there are no casualties and no members of the diplomatic missions are hurt.  the buildings are not really damaged.    (bay) so far, according to the information agencies, none of the terrorist groups operating in the country have taken responsibility for this action, although the police suspect the extreme left-wing maoist organization, \"sendero luminoso.\"    (kotov) judging by the hallmark, it could quite well be.  as is well known, \"sendero luminoso\" has carried out several attacks on soviet missions and our citizens in the last 3 years.  many remember the incident when four unidentified people telephoned the soviet embassy -- allegedly to deliver some sort of package.  in the end, one of the terrorists got into the embassy grounds and, at that moment, the \"package\" exploded in his hands.  and several months ago (izvestiya reported this) terrorists planted a bomb under a bus in which soviet fishermen were traveling.    (bay) an extension of the state of emergency in the country has been announced in connection with the escalation in terrorist actions. how does the situation in the country look from where you stand?    (kotov) the state of emergency was introduced here in february 1986 and has been extended virtually every 30-60 days since then.  it is in effect in 35 percent of the country's territory, particularly in lima and the capitals of a number of departments.  however, the wave of terrorism is showing no sign of abating -- either on the part of the far right or the far left.  in october alone, their actions claimed 200 lives.    \"sendero luminoso\" is trying to intimidate the population and wreck the municipal elections planned for 12 november.  they have partially achieved their aim.  to the uninformed, peruvian statistics are simply horrifying: in the last 3 years, 64 mayors of various small and medium-sized towns in the andes have been killed.  naturally, there are few brave enough to take the risk of holding this post.    (bay) what kind of conditions are soviet representatives in peru living and working in?    (kotov) so far there have been no restrictions on our freedom of movement.  however, the escalation of terrorism naturally affects our wellbeing.  people live in a state of tension.  you expect something awful to happen at any moment.  you have to show the maximum caution everywhere: both at home and on the street.",
    "arson": 0,
    "attack": 0,
    "bombing": 0,
    "forced work stoppage": 0,
    "kidnapping": 0,
    "robbery": 0,
    "comments": ""
  },
  {
    "docid": "DEV-MUC3-0618",
    "dateline": "SAN SALVADOR, 30 OCT 89 (RADIO CADENA YSKL)",
    "doctext": "at 0920 today powerful explosions were felt in the southwestern part of san salvador.    we were covering a ceremony at the presidente hotel when we heard these powerful explosions from various locations near the facilities of the armed forces joint chiefs of staff on la reforma street.    we repeat: approximately 30 minutes ago, presumed urban commandoes stormed areas near the facilities of the armed forces joint chiefs of staff and started hurling explosive devices that fell on a gas station -- specifically the san benito gas station -- located on la reforma street, 200 meters north of the facilities of the joint chiefs of staff.    according to preliminary reports from the scene, jose ernesto vasquez, 72, who was working at the san benito gas station on la reforma street at the time of the explosion, was killed.  two other employees of the same gas station were seriously injured.",
    "arson": 0,
    "attack": 0,
    "bombing": 0,
    "forced work stoppage": 0,
    "kidnapping": 0,
    "robbery": 0,
    "comments": ""
  },
  {
    "docid": "DEV-MUC3-0635",
    "dateline": "SAN SALVADOR, 2 NOV 89 (ACAN-EFE)",
    "doctext": "the guerrillas' announcement today that they decided to suspend their dialogue with the salvadoran government caused great surprise among various circles in the country that vowed to make new efforts to reestablish them.    the farabundo marti national liberation front (fmln) suspended its dialogue with the government of president alfredo cristiani to protest a dynamite attack on the headquarters of a labor union on 31 october that left 10 dead and 30 injured.    according to the guerrillas, the government and the armed forces are responsible for the dynamite attack on the salvadoran workers national union federation (fenastras).    the fmln, in a communique signed by its top five leaders, stated that \"we must not allow our presence in the dialogue to be used to cover up the government's responsibility for that massacre.\"    it also demanded that the oas, united nations, and the church offer guarantees to el salvador's opposition groups.    reverend edgar palacios, coordinator of the permanent committee for the national dialogue (cpdn), which is made up of over 60 social organizations, told acan-efe that \"we regret this kind of decision very much, but we will immediately contact the guerrillas to try to resume the dialogue.\"    palacios added that \"if the door of dialogue and negotiation is closed, the door of war will open.\"    eduardo colindres, leader of the christian democratic party, the main opposition party, said that the dialogue between the government and the guerrillas \"must continue.\"    \"the government of the rightist nationalist republican alliance (arena) must investigate and punish those responsible for the crime committed against fenastras; however, the dialogue must not be suspended,\" colindres added.    juan jose martel, leader of the social christian people's movement (mpsc), which is a member of the leftist democratic convergence, expressed surprise over the guerrillas' decision.    martel said that right-wing salvadoran groups are trying to eliminate the dialogue process, which seeks to end the war through negotiated political means.    so far, no government spokesman has reacted to the fmln's decision to suspend the dialogue that began in mid-september and would have continued on 20 and 21 november in caracas, venezuela.    palacios, along with other religious, political, and labor leaders, headed a march to accompany the bodies of 10 workers who were killed during the dynamite attack on the fenastras headquarters in downtown san salvador, only 200 meters from a national police garrison.    the union members' bodies, including that of fenastras leader febe elizabeth velasquez, were accompanied by several thousand workers who shouted antigovernment slogans and carried red flowers.    tension was high during the march, mainly because of the heavy military presence in san salvador's main streets and because the union members detained at least 30 plainclothes policemen who, according to the unionists, infiltrated the demonstration.    the march ended at the general cemetery where the bodies of the union members were buried.",
    "arson": 0,
    "attack": 0,
    "bombing": 0,
    "forced work stoppage": 0,
    "kidnapping": 0,
    "robbery": 0,
    "comments": ""
  },
  {
    "docid": "DEV-MUC3-0663",
    "dateline": "MEXICO CITY (MEXICO), 10 NOV 89 (NOTIMEX)",
    "doctext": "the mexican government has asked colombia to intervene in protecting and facilitating the release of the mexican citizen juan carlos mir, kidnapped last tuesday by a colombian guerrilla group.    the mexican foreign relations secretariat (sre) stated that the request was made through the mexican embassy in colombia. it added that it received confirmation yesterday of mir's kidnapping. mir works for the mexican consortium associated construction engineers, ica.    the sre noted that it gave instructions to the mexican diplomatic office in colombia to intercede in this case. the guerrilla group called army of national liberation (eln) claimed responsibility for the kidnapping.",
    "arson": 0,
    "attack": 0,
    "bombing": 0,
    "forced work stoppage": 0,
    "kidnapping": 0,
    "robbery": 0,
    "comments": ""
  },
  {
    "docid": "DEV-MUC3-0778",
    "dateline": "CLANDESTINE, 17 NOV 89 (RADIO VENCEREMOS)",
    "doctext": "this morning, and with a stupid look on his face, u.s.  ambassador william walker asked who had killed father ignacio ellacuria.  he said he did not know who had done this.  well then, mr william walker, and monitors at the u.s. embassy, good morning; radio venceremos greets you.  we are asking you to take down what we are going to say and take it immediately to william walker's office.    good morning u.s. embassy monitors, tell william walter -- we do not know if he is from tennessee like the other filibuster -- that radio venceremos is giving him a clue so that he can find out who killed father ellacuria.  tell william walkler to find out who arrested two priests and several missionaries, including a u.s. citizen this morning.    ambassador william walker, this morning you asked who had murdered father ignacio ellacuria; radio venceremos will give you a clue.  find out who ordered this morning's arrest of two priests.  u.s. ambassador william walker, if you have a drop of decency left in you, speak up, say what you know.  tell us where the 40 men in uniform left from.  u.s. ambassador william walker from tennessee, that is, if you are from tennessee like the other filibuster -- radio venceremos is giving you a clue so that you will find an answer to the question you candidly asked on television this morning.  you said that you did not know who had ordered the death of one of the most intelligent men in el salvador, not born in el salvador but more salvadoran than colonel rene emilio ponce.    we repeat, mr ambassador to el salvador, the following is our clue: find out who ordered the arrest of the priests and missionaries, including a u.s. citizen.  find out immediately, and you better move quickly, otherwise they could be killed.  there lies your answer.  ask whether the two priests were arrested by the fmln (farabundo marti national liberation front) or the armed forces.  we insist, if there is a single drop of decency left in you, check the elena fuentes statements against the church monitored a few days ago.    mr ambassador william walker, if there is a single drop of decency left in you, check the recordings the u.s. embassy has of radio cuscatlan and listen to what they said about father ignacio ellacuria, msgr rivera y damas, and msgr gregorio rosa chavez on the night of 11 november and earlier.    gentlemen at the u.s. embassy who are monitoring us, help the ambassador.  go to your files, find the radio cuscatlan recordings and take them to the ambassador's office.  monitors at the embassy, help that absentminded ambassador.  monitors at the embassy, give him a hand; it seem that the ambassador's memory is failing him.  monitors, you who are so efficient, we ask you to help the ambassador regain his memory.  take him col elena fuente's recording accusing the church of having ties with the fmln.  take him col montano's statements, take him col zepeda's statements, take him roberto d'aubuisson's statements, accusing father ignacio ellacuria of being the director of the war in el salvador.  help us u.s. embassy monitors because it seems that mr william walker has a very short memory.",
    "arson": 0,
    "attack": 0,
    "bombing": 0,
    "forced work stoppage": 0,
    "kidnapping": 0,
    "robbery": 0,
    "comments": ""
  },
  {
    "docid": "DEV-MUC3-0796",
    "dateline": "MANAGUA (NICARAGUA), 18 NOV 89 (RADIO SANDINO)",
    "doctext": "...government against our embassy worsened.  this campaign was initiated at the highest levels of the salvadoran government.  on various occasions over the past 8 days, television, press, and radio have systematically broadcast statements by el salvador's top military and political authorities, president cristiani, vice president merino, and the head of arena (nationalist republican alliance), etc, blaming nicaragua for what is happening in el salvador.    this campaign has been systematic and it has encouraged terrorist groups to threaten the lives and safety of nicaragua's diplomatic representatives.  over the past few days, i have received many death threats from extremist sectors and, i repeat, this led the nicaraguan government to the decision to evacuate us.    this does not mean that diplomatic relations between the two countries are broken.  it is a precautionary measure to ensure the entire mission's physical safety.  we requested diplomatic protection from the mexican government and received a positive response.  we went today from the residence of the mexican ambassador in el salvador to the airport, and from there to managua.    if you have any questions, i will be glad to answer them.    (reporter) a question from radio sandino.  first of all, since you got a first- hand view, what is the current situation in el salvador; second, is this a provisional measure or will it be extended; how long will this measure last?    (lacayo) i cannot say how long it will last.  that is up to the government, and it will depend on the internal situation in the country.  regarding your first question, the situation is difficult. on a military level, the war continues; there is a good deal of misinformation by the salvadoran government and many international news agencies.  the truth is that the battle continues, there has been considerable physical destruction in many towns and neighborhoods on the outskirts of san salvador.  you know which towns are included: zacamil, ciudad delgado, soyapango, etc. this is the result of the indiscriminate bombings by the salvadoran air force.    (reporter) there is a report that somozist guards are fighting with the salvadoran army.  is there anything to this?    (lacayo) there are rumors to that effect.  some insurgent radio stations have reported it, and they have also mentioned troops from other central american governments.    (reporter) (question indistinct)    (lacayo) yes, but not with the persistence that prevails now.    (reporter) (question indistinct)    (lacayo) of course.  many telephone calls, surveillace by suspicious individuals and vehicles at the residence throughout the day, and especially direct threats by telephone.    (reporter) (question indistinct)    (lacayo) i would imagine they are salvadoran rightwing extremists, better known as death squads.  they began to selectively shoot people. there is the case of mrs norma girola de herrera, president of the womens institute, a very progressive institution.  mrs herera was very well known, and she was murdered under circumstances very similar to those of the assasination of the jesuits; on the same day.    (reporter) (question indistinct)    (lacayo( i do not have any more information because of the city's militarization.  a state of siege has been implemented, the circulation of vehicles is minimal, communication is sparse, telephones are tapped.    (reporter) (question indistinct)    (lacayo) yes, that has been proven.    (reporter) (question indistinct)    (lacayo) they are waging a war which consists at times of maintaining positions, at other times of mobilizing.  on several occasions controlled areas ceased to be controlled but the war continues.    (reporter) (question indistinct)    (lacayo) no, i do not know.  the government did that directly through the foreign ministry.    (reporter) (question indistinct)    (lacayo) no, because we did not know.  however, the truth is that we never had protection.  we never had police protection at the residence although it was requested through the foreign ministry.  the embassy had two policemen, but during this period they left and the embassy is without police protection.    (reporter) (question indistinct)    (lacayo) that has been said about guatemala and honduras.    (reporter) (question indistinct)    (lacayo) as a report and in the press.    (reporter) (question indistinct) (continued)",
    "arson": 0,
    "attack": 0,
    "bombing": 0,
    "forced work stoppage": 0,
    "kidnapping": 0,
    "robbery": 0,
    "comments": ""
  },
  {
    "docid": "DEV-MUC3-0798",
    "dateline": "CLANDESTINE, 18 NOV 89 (RADIO VENCEREMOS)",
    "doctext": "attention, attention.  we have a last minute report.  the report is coming from the capital city.  heavy clashes are continuing this morning in various parts of northern san salvador.    clashes are continuing in the northeastern neighborhoods of san salvador, and heavy fighting is taking place in ciudad delgado.  the enemy troops are supported by armored vehicles, helicopters, and a (word indistinct) small plane, but our comrades are maintaining their positions in ciudad delgado.    this is a last minute report.  heavy fighting is currently taking place in the san salvador northeastern neighborhoods.  the farabundo marti national liberation front (fmln) is determined to win.  ciudad delgado continues fighting. there are also heavy clashes in mejicanos.    attention.  heavy clashes are not just taking place in san salvador.  clashes also continue in san miguel city.  the fmln positions in san miguel continue to be strong.  we continue to advance in san miguel city.    the report coming from san miguel states that clashes continue at this time.  ciudad delgado and san miguel are both centers of popular fighting.    radio venceremos is receiving last minute reports.  today, saturday 18 november, we are receiving a report saying that at 0500, our fighters began a counterattack on positions of the armed forces engineers military detachment, demifa.  the demifa position was attacked, and the clashes have spread to (words indistinct) and the demifa headquarters.  (passage indistinct)    in addition, a steel factory in zacatecoluca was sabotaged after dislodging the (word indistinct) demifa troops.    we repeat.  the fmln began a counterattack on the demifa headquarters in zacatecoluca at 0500 today.  the clashes in zacatecoluca city, la paz department have spread north, west, and east of the demifa headquarters.    at 0500, the fmln forces began to move in the demifa headquarters, attacking it with rifle and artillery fire and machineguns.  in zacatecoluca, la paz department, our forces took control of the entire steel factory.  after dislodging the enemy troops, our forces set the factory on fire.  the factory is owned by one of the oligarchic families that finance the death squads.    the reports we have just read to you, which came from san salvador, zacatecoluca, and san miguel -- three very important salvadoran cities -- indicate that fighting has increased today.  at this time, the air force is bombing fmln positions in ciudad delgado, northeastern san salvador.  the air force is now conducting an indiscriminate attack in densely populated areas.",
    "arson": 0,
    "attack": 0,
    "bombing": 0,
    "forced work stoppage": 0,
    "kidnapping": 0,
    "robbery": 0,
    "comments": ""
  },
  {
    "docid": "DEV-MUC3-0802",
    "dateline": "SAN SALVADOR, 18 NOV 89 (ACAN-EFE)",
    "doctext": "guillermo ungo, vice president of the socialist international and main leader of the salvadoran civilian left, will meet with the presidents of venezuela and france and the prime minister of spain in the next few days.  ungo left el salvador today.    spokesmen of the national revolutionary movement (mnr), whose secretary general is ungo, told acan-efe that the leftist leader will meet with carlos andres perez, francois mitterrand, and felipe gonzalez and ask them to work for a cease-fire in el salvador.  ungo will also ask for the \"immediate\" resumption of the peace talks between the government and the farabundo marti national liberation front (fmln).    the government and the guerrillas had been scheduled to hold a third round of negotiations in caracas on 20 november, but after the assassination of 10 labor leaders the fmln announced last week it would not attend.    salvadoran president alfredo cristiani told acan-efe today that \"we will not go to a meeting where the other side is not present.\"    ungo left for panama today after having taken refuge in the venezuelan embassy in el salvador 6 days ago because he was the target of death threats over an official radio network.  the salvadoran social democratic leader will also attend a socialist international meeting in geneva next week.    an mnr spokesman said ungo \"plans to return to el salvador in about 10 days.\"    meanwhile, mnr assistant secretary hector oqueli colindres, who also left el salvador today, will meet with representatives of the costa rican government in the next few hours to discuss the salvadoran situation and ask for president oscar arias' mediation.",
    "arson": 0,
    "attack": 0,
    "bombing": 0,
    "forced work stoppage": 0,
    "kidnapping": 0,
    "robbery": 0,
    "comments": ""
  },
  {
    "docid": "DEV-MUC3-0807",
    "dateline": "SAN SALVADOR, 18 NOV 89 (DOMESTIC SERVICE)",
    "doctext": "the report adds that the situation in morazan and la union departments is under the control of military detachments no 3 and no 4, which are currently carrying out combing operations in the areas under their responsibility.  in addition, the 6th infantry brigade has reported that 56 rebels have been killed and approximately 60 others have been wounded since the beginning of the failed final offensive called \"to the hilt.\" the 6th infantry brigade adds that joint counterinsurgency operations are being carried out with atonal battalion troops.    in the last 48 hours, the armed forces have confiscated 10 ak-47 rifles, 6 m-16 machigunes, 2 uzi machineguns, 1 mp-5 submachinegun, large quantities of ammunition, and materiel to make explosives.    similarly, the 6th infantry brigade reports that harassment operations were carried out this morning near a cemetery, chula vista neighborhood, and el nanzal hill on the outskirts of the aforementioned city.    paracentral area: the 5th infantry brigade, along with its military detachment no 2 and engineers military detachment, has its areas of responsibility under control, especially in san vicente, sensuntepeque, ilobasco, and other municipalities in cabanas and la paz departments.    up until now, there have been only small clashes in northern zacatecoluca city and in areas surrounding the zacatecoluca stadium and hospital.  several harassment operations and the burning of a steel factory took place early this morning in those areas, but no casualties have been reported.    members of the engineers military detachment are combing the aforementioned areas in order to completely dislodge the terrorist groups that are still circulating in the area.    number of fmln (farabundo marti national liberation front) casualties up until this morning:    the armed forces joint chiefs of staff confirm that 784 terrorists have been killed, and 527 have been wounded.  the armed forces also report that 129 rebels have been arrested and that 36 others showed up at various army posts located throughout the country.    the armed forces casualties include 208 army members killed and 427 wounded.  as for weapons confiscated, the army says it has confiscated 370 rifles, 82 grenade launchers, 26 mortars, 18 machineguns, 17 submachineguns, large quantities of ammunition, handguns, and large amounts of explosive materiel.    the army has found more weapons in zacamil neighborhood:    today, army troops patrolling zacamil neighborhood in northwestern san salvador found 47 m-16 rifles, 35,000 cartridges, 49 cartridge clips, and various explosives.  the weapons were hidden inside a medium-size truck found during a search operation conducted at noon today near zacamil neighborhood.  at present, armed forces members maintain total control over the zacamil neighborhood and  other surrounding areas.    the salvadoran armed forces thank the salvadoran people for their valuable cooperation and their support for the various army groups that are determined to dislodge the terrorist groups located in various parts of the country, especially in san salvador.    similarly, the armed forces congratulate our glorious chiefs, officers, and troops, who tenaciously, bravely, and heroically defend our people and homeland from the genocide imposed by the fmln hordes.    in addition, the armed forces warn the terrorists who still persist in their blind struggle against the salvadoran people that its firm and implacable advance will continue.  the armed forces ask those terrorists to surrender and turn themselves in to spare the honest population from even more suffering.  the armed forces will be benevolent with those who surrender.    the armed forces reiterate their unyielding willingness to continue struggling in defense of national sovereignty and the democratic process to preserve the freedom of all salvadorans.    san salvador, 18 november 1989",
    "arson": 0,
    "attack": 0,
    "bombing": 0,
    "forced work stoppage": 0,
    "kidnapping": 0,
    "robbery": 0,
    "comments": ""
  },
  {
    "docid": "DEV-MUC3-0835",
    "dateline": "SAN SALVADOR, 21 NOV 89 (DOMESTIC SERVICE)",
    "doctext": "the armed forces has foiled the terrorist attempt to kidnap the oas secretary general in this capital. specialized army troops this morning foiled an attempt by the fmln terrorist groups to kidnap oas secretary general joao clemente baena soares, who was staying at the el salvador sheraton hotel, in the escalon neighborhood in the northwestern part of the capital.    troops of the bracamonte battalion and the cavalry regiment, supported by the air force, surrounded the area while two groups of specially trained units entered the hotel.  the first group provided maximum protection to the illustrious oas secretary general, while the second group overpowered the group of extremists who had entered the hotel lobby with the intention of kidnapping baena soares.    the troops are currently cleaning up the small diversionary operations of the terrorists in the vicinity of the club campestre at the end of general escalon drive, close to the warehouses of the central electoral council and the extension of 75th avenue north.    at the present time, in a desperate attempt to save their lives due to the speedy reaction of the armed forces, the terrorist group that had intended to kidnap the oas secretary general took a group of hotel guests as hostages and are holding them captive on one of the floors of the hotel.    the armed forces expects to resolve this situation in a favorable manner in the next few hours, and they are trying to ensure the physical wellbeing of the hostages.",
    "arson": 0,
    "attack": 0,
    "bombing": 0,
    "forced work stoppage": 0,
    "kidnapping": 0,
    "robbery": 0,
    "comments": ""
  },
  {
    "docid": "DEV-MUC3-0850",
    "dateline": "SANTIAGO, 22 NOV 89 (DOMESTIC SERVICE)",
    "doctext": "chile has resumed diplomatic relations with czechoeslovakia as of wednesday, 22 november (as heard). this information was released by foreign minister hernan felipe errazuriz.  the minister added that this is the fourth socialist country with which chile has normalized relations.  he also explained that this step is part of the president augusto pinochet's policy to increase the presence of chile throughout the world.    the minister indicated that the chilean community in el salavador and the members of chile's diplomatic mission there are fine, following the raid staged by the farabundo marti national liberation front on the sheraton hotel in el salvador.    (begin recording) (reporter) what information does the foreign ministry have about chilean residents in el salvador?    (errazuriz) as we reported yesterday, there are permanent contacts between the ministry and the chilean embassy in el salvador and, obviously, with the salvadoran ambassador in santiago.  basically, both the members of the chilean community and the members of the diplomatic mission are fine.  we have received information to the effect that there is clear involvement of cuba and nicaragua in the recent terrorist onslaught in el salvador, and we want to express our solidarity with the salvadoran people's struggle to defend their democracy. (end recording)    the chilean foreign minister explained that the peruvian government has officially decided to suspend normal movement of people across the border between tacna and arica.  he added that border restrictions also apply to bolivia and ecuador.    errazuriz added that the chilean foreign ministry is in touch with the peruvian government, the chilean embassy in lima, and peruvian customs officials in an effort to normalize the movement across the chilean-peruvian border.    the foreign minister concluded by saying that the chilean government has appointed ambassador santiago benadava executive secretary of the chilean-argentine commission for physical and economic integration. santiago benadava will thus replace general enrique morel.",
    "arson": 0,
    "attack": 0,
    "bombing": 0,
    "forced work stoppage": 0,
    "kidnapping": 0,
    "robbery": 0,
    "comments": ""
  },
  {
    "docid": "DEV-MUC3-0905",
    "dateline": "SAN SALVADOR, 30 NOV 89 (ACAN - EFE)",
    "doctext": "there is a tense calm, interrupted by sporadic shooting, in the exclusive escalon neighborhood of the salvadoran capital today.  at the same time, many foreigners are leaving the neighborhood, which was the site of heavy fighting between the salvadoran armed forces and guerrillas yesterday.    an official of the un office, which is located in the area of fighting, told acan-efe that \"all the personnel are fine and we are now evacuating some employees and foreigners living in the area, taking advantage of the cease-fire\" that was ordered by the salvadoran guerrillas for several hours.    \"we have not seen any guerrillas.  the soldiers are in the area and entrance is restricted.  they are only permitting the evacuation,\" the official said over the telephone.    a spokesman of the armed forces press committee (coprefa) said this morning that the elite counterinsurgency belloso and atlacatl battalions and troops with artillery are carrying out a special operation in escalon to dislodge the rebels.  the spokesman said the operation will include all of northern san salvador.  however, he said he could not provide further information because \"we are still compiling information.\"    the farabundo marti national liberation front (fmln) on 29 november resumed its attacks in san salvador, especially in the upper class neighborhoods of escalon, san benito, and maquilishuat and the middle class neighborhoods of jardin guadalupe, la cima, and lomas de san francisco.    after several hours of fighting in the streets of the neighborhoods, the army said it had the situation under control. however, it admitted that the rebels had entrenched themselves in escalon and had seized \"the residents as hostages.\"    the guerrillas announced last night that from 0600 to 1200 (1200 - 1800 gmt) today, 30 november, they \"will undertake the evacuation of foreign personnel\" in the escalon and san benito neighborhoods in northern san salvador.  the fmln said the measure, which is being heeded by the foreigners living in those areas, is to guarantee the lives of the residents of escalon.    various sources said the rebels have left escalon, but this information has yet to be confirmed.",
    "arson": 0,
    "attack": 0,
    "bombing": 0,
    "forced work stoppage": 0,
    "kidnapping": 0,
    "robbery": 0,
    "comments": ""
  },
  {
    "docid": "DEV-MUC3-0924",
    "dateline": "CLANDESTINE, NO DATE (RADIO VENCEREMOS)",
    "doctext": "now they are still doing the same thing, except that the killings are those of the jesuit priests, the places burned are homes in the densely populated neighborhoods and the un headquarters, and those accused of collaborating with the fmln are the episcopal churches.  the strategy is the same.  the fmln continues to strike at and mock the armed forces.  far from diminishing in number, it has increased in number.  the persecution of the church, the indiscriminate bombings, the press censorship, and, above all, the apparent direction taken by the situation as a result of the armed forces' leadership have shown the world that nothing has changed.  the military continues to be in command, and cristiani's moderation was but a costly makeover.    the u.s. analysts are beginning to react.  after 9 years of investing at all levels to put an end to the capital and the principal cities of the country with a strategic siege, with the theater of operations in the trouble spots, and without any prospect of controlling the situation, the order of the day in the halls of congress is a change of policy and the promotion of negotiation.  all the world is suffering deeply, without the hope of a change of policy. what the u.s. congress is studying is whether it will continue with that policy which does not change at all, which protects the assassins of monsignor romero, the four u.s. nuns, ignacio ellacuria, and five more jesuits.  it is studying whether it is going to continue to support a fascist party and a criminal-ridden armed forces and thus condemn this part of the world so close to their borders to terrible suffering, or whether the time of change has arrived in the united states.  the policy toward el salvador must be changed to achieve the goal of democracy so that pluralism will give way to democracy, justice, and peace.  the united states can contribute to peace in el salvador, but in order to do so it must change its policy.",
    "arson": 0,
    "attack": 0,
    "bombing": 0,
    "forced work stoppage": 0,
    "kidnapping": 0,
    "robbery": 0,
    "comments": ""
  },
  {
    "docid": "DEV-MUC3-0936",
    "dateline": "BOGOTA, 6 DEC 89 (RADIO CADENA NACIONAL)",
    "doctext": "just a few minutes ago two very strong explosions occurred in the center of bogota.  we felt these explosions here at the rcn (radio cadena nacional) building. one of the explosions occurred in the vicinity of the courts in the palo quemado sector, where all the bogota judicial branch offices are located. apparently the other explosion occurred in a street near the presidential palace.    there were two explosions occurring consecutively but very close together, which is why it was felt so strongly.  it initially felt like an earthquake: first the wave and then the explosion.  all the residents in this central area of bogota felt it.    it is also said that the explosion could have occurred closer to the administrative department of security, das, which is located in the same area.  the das headquarters are just around the corner from the judicial branch offices in palo quemado.  the strong explosion that was felt by all of us who work at this hour in the central bogota area took place at 19th carrera and 25th street in palo quemado.  i repeat, two consecutive explosions occurred at 0735 in the center of bogota.    here is some updated information: it was not two explosions, as we had intially believed, but three explosions that occurred a few minutes ago in bogota. one of them was in the palo quemado sector, as we have already reported, in the area where both the bogota courts and das are located.  another explosion occurred in the southern part of bogota at 14th carrera and 28th street south, apparently near an agrarian trust branch in the barrio gustavo restrepo neighborhood.  a third explosion occurred in the central area of bogota.  these three explosions in bogota took place almost simultaneously, just a few seconds apart.    we now have official figures of the explosion near the das headquarters: seven persons were killed, more than 50 were wounded, and approximately 25 vehicles and at least 15 buildings -- including the das offices that were partially destroyed -- were damaged. initially, das officials have estimated that a powerful bomb of more than 100 kg of dynamite placed in a truck was activated.    the huge explosion caused the initial destruction of the front part of the das headquarters, as well as a building where there was a hardware store, and the total destruction of six or seven other buildings.  a crater 15 meters wide and 6 meters deep was created in 27th carrera.    most of the victims of the explosion were in private vehicles and taxis, and only four were walking in the area when the explosion occurred at almost 0740.  officials say initially that there were 50 persons, hit by glass shards and flying pieces of vehicles, injured in the explosion.  officials have indicated that it is possible that the number of victims will increase, as the attack against the das headquarters was very strong.  we repeat: officially, seven persons were killed here in front of the das headquarters.",
    "arson": 0,
    "attack": 0,
    "bombing": 0,
    "forced work stoppage": 0,
    "kidnapping": 0,
    "robbery": 0,
    "comments": ""
  },
  {
    "docid": "DEV-MUC3-0941",
    "dateline": "SAN SALVADOR, 6 DEC 89 (DOMESTIC SERVICE)",
    "doctext": "...the offensive of the fmln (farabundo marti national liberation front) as of 11 november has been militarily defeated here in the city of san salvador, as well as in san miguel, usulutan, and zacatecoluca, where there was greater activity by the subversives.  logically, after being rejected so much, after having lost so many figthers and war materiel, they do not have the capability to again launch an operation like they did on 11 november.  they will continue with indiscriminate terrorism and selective terrorism.  we have here some of the first evidence. for example, the murder of a person useful to salvadoran society like dr guerrero, the acts of sabotage against the electricity system, the destruction of public transportation.  we can also mention the destruction of some gasoline stations.  basically, what they seek is to systematically destroy the economy of the country, to provoke the closing of some industrial centers, and to bring about economic chaos.    that is why, even though we believed we were taking risks in the military field of national defense, the armed forces changed the curfew hours, so that curfew hours are now from 2300 to 0500.  we did this believing that the economic aspect is very important for the country, and that is why we want to benefit the industrial, business, and farming sectors, so that they will be able to carry out their activities under almost normal conditions.    we also considered that this time of the year we are picking coffee and cotton and harvesting sugarcane, and these are the three main staples of our economy.  these activities are mainly carried out in the evening, and that is why we have changed the curfew hours to benefit businessmen, workers, and farmers so they can support their families.    (reporter) colonel, does the president think that during the costa rican meeting enough pressure can be exerted on nicaragua so that it will suspend assistance to the fmln and the war will diminish in the country?    (ponce) the cynicism of the dictator ortega of the sandinist government has been fully proven.  in the previous meetings within the framework of esquipulas ii, he committed himself to discontinuing support for the fmln.  this total war offensive that has been inflicted upon the salvadoran people should be suspended, because we are sure that the moment nicaragua and cuba -- it is through those countries, rather those governments that the communist bloc has been helping the fmln -- the fmln would weaken tremendously.  (sentence as heard)    as a member of the armed forces, as a member of the high command, i feel very proud about the professional, determined, and courageous attitude with which the officers, non-commissioned officers, and troops of our armed forces have neutralized and defeated the fmln offensive.  in this regard, i believe that the opinions voiced by general thurman are not really in line with what we have lived here inside the country.  (continued)",
    "arson": 0,
    "attack": 0,
    "bombing": 0,
    "forced work stoppage": 0,
    "kidnapping": 0,
    "robbery": 0,
    "comments": ""
  },
  {
    "docid": "DEV-MUC3-1077",
    "dateline": "NO CITY, NO DATE",
    "doctext": "in their initial peace proposal, the extraditables promised the suspension of shipments of cocaine to the united states, the surrender of weapons, and the release of people they have kidnapped.    in complying with these promises, they have released in good condition six hostages and this past monday began to deliver dynamite by abandoning a school bus loaded with 1,000 kg of explosives south of medellin.    in today's communique, the extraditables denied reports that they are holding (colombian foreign ministry official) garcia-pena archila. the communique states that the extraditables have been the victims of unscrupulous people who called the medellin media to say that the extraditables are responsible for the kidnapping.    they say that after having released six hostages, the holding of garcia-pena archila, who is the head of the visa office of the colombian foreign ministry, in bogota, \"would be contrary to our peace offers.\"    garcia-pena archila was recently appointed adviser to the colombian embassy in korea, a post he was scheduled to assume friday, the day he disappeared.    the extraditables announced in their communique of today that within the next few days they will deliver a helicopter belonging to the colombian firm helicol that they had been holding. the helicopter is loaded with 500 kg of dynamite, the communique notes.    the document states that this dynamite \"was going to be used against a military objective.\"  the group led by pablo escobar gaviria notes: \"we have demonstrated and we will continue to demonstrate to the country our good will and our wish to have peace and strengthen democracy.\"",
    "arson": 0,
    "attack": 0,
    "bombing": 0,
    "forced work stoppage": 0,
    "kidnapping": 0,
    "robbery": 0,
    "comments": ""
  },
  {
    "docid": "DEV-MUC3-1109",
    "dateline": "BOGOTA, 13 FEB 90 (EFE)",
    "doctext": "the pro-castrist union camilista - army of national liberation (uc-eln), the most belligerent in colombia, today repudiated u.s. president george bush's visit in the country and warned that \"we will be in cartagena.\"    the guerrilla group's \"communique no. 1\" on \"operation colombia\" was sent to efe and it said that \"in repudiation of mr. bush's presence in cartagena, we are going forward operation colombia.\"  \"the mandela commandos\" have been created for this purpose.    addressing the colombians, \"the people of peru and bolivia, and the international media,\" the uc-eln said: \"we consider the u.s. president's visit a mockery to colombia's dignity and sovereignty.\"    without identifying them, it announces that the \"nelson mandela commandos of our organization have seized u.s. citizens and later we will later reveal the conditions for their release.\"    as of today, the only information available is on kidnapping victim u.s. professor david leslie kent.  kent was kidnapped on 13 february in medellin, 250 km northwest of bogota.    another u.s. citizen, james arthur donelley, was kidnapped on 12 february approximately 25 km from medellin and released on 13 february with a message which rejected bush's visit.    approximately 2,500 colombian troops, policemen, and secret agents have been deployed to guarantee the security of the \"summit\" that will be held on 15 february in cartagena de indias by the presidents of colombia, virgilio barco, bolivia, jaime paz zamora, peru, alan garcia and george bush from the united states.",
    "arson": 0,
    "attack": 0,
    "bombing": 0,
    "forced work stoppage": 0,
    "kidnapping": 0,
    "robbery": 0,
    "comments": ""
  },
  {
    "docid": "DEV-MUC3-1110",
    "dateline": "BOGOTA, 15 FEB 90 (EFE)",
    "doctext": "u.s. priest francisco amico was kidnapped today in the city of cali by an unidentified group.  this was reported by another colombian priest, rafael lopera, who is a member of the \"basilian community,\" to which amico belongs.    although no one has yet claimed responsibility for the kidnapping, it could be part of the \"operation colombia,\" announced by the pro-castrist army of national lilberation, camilist union guerrrilla group (uc-eln) in protest for president george bush's visit to colombia.    two other u.s. citizens were kidnapped on 12 and 13 february by a uc-eln \"nelson mandela\" command group in medellin, 250 km northeast of bogota.  they were arthur donelley, an industrialist who was released on 13 february with a message which protested the bush visit to colombia, and professor david leslie kent, who is still being held by his captors.    priest rafael lopera said that the kidnapped priest is a parish priest at the \"andres sanin\" neighborhood on the eastern side of cali, a city located 400 km southwest of bogota.    lopera added that \"the basilian community has eight members, four of whom are priests.\"  he reported that amico disappeared this morning on his way to the \"sisters of theresa of calcuta\" neighborhood, where he was going to officiate a mass.",
    "arson": 0,
    "attack": 0,
    "bombing": 0,
    "forced work stoppage": 0,
    "kidnapping": 0,
    "robbery": 0,
    "comments": ""
  },
  {
    "docid": "DEV-MUC3-1131",
    "dateline": "BOGOTA, 20 FEB 90",
    "doctext": "bush met on 15 february in cartagena de indias (colombia) with his counterparts alan garcia of peru, jaime paz of bolivia, and virgilio barco of colombia in what became known as the \"drug summit.\"    u.s. priest francisco amico ferrari, kidnapped on 15 february in cali, was released on 19 february by the eln with a message about \"operation colombia,\" which denounces u.s. intervention in the \"dirty war\" with which colombia is afflicted.    in today's communique the guerrillas say \"the united states has military advisers in the colombian army headquarters to direct the implementation of the dirty war.\"    they also denounce \"the direct leadership of u.s. advisers in intelligence and military repression operations in the areas of conflict.\"    the eln is also still holding social conservative senator jorge sedano gonzalez, kidnapped on 9 february near bucaramanga, in the northeastern part of the country, along with his secretary jorge mesa, who was released on monday.    the eln released mesa with a message for former social conservative president misael pastrana (1970-1974), reiterating that sedano will be released only if he declares that he is opposed to the dirty war and reveals the whereabouts of fernando porras, an eln member who disappeared in bucaramanga on 5 february.  according to the guerrillas, porras was arrested and \"disappeared\" by the 5th army brigade, which denies this.    the eln is the only colombian guerrilla group that has persisted in the armed struggle.  the five other rebel groups have declared unilateral truces to guarantee a climate of peace for the upcoming elections.    these groups are the communist revolutionary armed forces of colombia, the maoist popular liberation army, the trotskyist (revolutionary) workers party, and the indian \"quintin lame\" movement, in addition to the 19 april movement, which is about to conclude a peace process begun 16 months ago.",
    "arson": 0,
    "attack": 0,
    "bombing": 0,
    "forced work stoppage": 0,
    "kidnapping": 0,
    "robbery": 0,
    "comments": ""
  },
  {
    "docid": "DEV-MUC3-1132",
    "dateline": "VALLELUPAR (COLOMBIA), 21 FEB 90 (RADIO CADENA NACIONAL)",
    "doctext": "in the past few hours, the so-called camilist union army of national liberation (uc-eln) murdered a police inspector and two of his brothers, who were peasants.  the inspector and his brothers were murdered by the uc-eln who accused them of being army and police informers.  the triple crime occurred on the el limoncito path, in guachica municipality, southern cesar department.  a police spokesman said that the rebels had identified themselves as uc-eln members.  these three new victims of the rebel offensive were taken by force from their homes before they were killed.  the murdered inspector was identified as gustavo ropero navarro, 22, from guachica.  his brothers were identified as mariano and felix ropero navarro, 26 and 24, respectively.  after the crime, the rebels fled into the eastern mountain range.  the eln has started a new wave of violence in the past hours.  it has murdered three peasants in guachicono, southern cauca department, two in antioquia, and three in cordoba.  these people were killed after being accused by the eln of being informants.",
    "arson": 0,
    "attack": 0,
    "bombing": 0,
    "forced work stoppage": 0,
    "kidnapping": 0,
    "robbery": 0,
    "comments": ""
  },
  {
    "docid": "DEV-MUC3-1150",
    "dateline": "BOGOTA, 4 MAR 90 (RADIO CADENA NACIONAL)",
    "doctext": "the authorities and security organizations have been surprised by the shocking wave of kidnappings carried out throughout the national territory by the self-styled army of national liberation, eln.  over the past few hours, the group has kidnapped 20 people.    among the victims of the eln's so-called camilist union are four mayors, two deputies, six executives, cattlemen, businessmen, farmers, and a policeman.    according to official reports, 12 kidnappings took place over the past 18 hours.  in cesar department, members of the camilist union kidnapped liberal deputy dario quintero patino, 42, in the downtown section of aguachica municipality.  newsman emiliano j. pacheco, who works for the \"advances of cesar\" newscast of the ondas del cesar radio station, was kidnapped along with the political leader.    early on saturday morning, a gang of kidnappers, apparently eln members, kidnapped cattleman manuel narciso martinez jaroca, nephew of anibal martinez zureta, candidate for mayor of valledupar and former comptroller general of the republic.  in addition, celina ossa de gomez, conservative party leader and deputy, was kidnapped in downtown granada, antioquia.  in tibu, norte de santander, mayor eduardo rolon diaz and mayoral candidate alvaro sarmiento herrera were also kidnapped by the so-called eln camilist union.  the two men were on their way to lunch when they were taken by surprise by the rebels.    at noon yesterday, near savana de torres, santander, alvaro torres, an employee of the agrarian fund; oscar celio torres gutierrez, a spokesman for incora (colombian institute of agrarian reform); miguel cacel, an imat (expansion unknown) official; and a worker from pediaroz were kidnapped.  the eln is also holding noel francisco acevedo and javier ignacio pena, the mayors of el carmen and california, santander, respectively; and liberal party deputy juan carlos duarte, who was abducted by the eln on tenerife road, in the municipal jurisdiction of concepcion.  duarte is a deputy for the renovation of free santander liberal party.    along the road from san vicente to el carmen, also in santander, gonzalo vasquez ardila, manager of the local agrarian fund, and olindo mantilla ardila, a director of the (cotras magdalena) company, were also kidnapped.  the two men were in an automobile with license plate uf-2171 when they were abducted by the guerrillas.  the driver, marco tulio gomez, was also kidnapped, but released several hours later.    hernando torres jaimes, mayor of hacari, norte de santander, is also in the hands of the eln.  in cordoba, cattleman german sierra medina was kidnapped along the el toro road of piedra alta.  in canalete, also in cordoba, cattleman pedro pablo mejia was kidnapped. he was at the la cana estate when the guerrillas kidnapped him.    in pedregales, on the road from zulia to sardinata, the eln kidnapped businessman sergio alarcon.  in el centenario, el carmen, santander, members of the camilist union kidnapped landowner samuel plazas.    the authorities also announced that policeman edison agudelo agudelo was kidnapped by members of the camilist union as he was on his way to fraguas corregimiento in remedios, antioquia, to cash a check.    the authorities and secret service organizations announced that intensive operations are underway in an effort to rescue the hostages alive.  at the same time, they urged local officials and political leaders to refrain from travelling alone to avoid falling into the hands of the guerrillas.    with this shocking wave of kidnappings, the number of such actions in colombia so far in 1990 has increased to 120.",
    "arson": 0,
    "attack": 0,
    "bombing": 0,
    "forced work stoppage": 0,
    "kidnapping": 0,
    "robbery": 0,
    "comments": ""
  },
  {
    "docid": "DEV-MUC3-1153",
    "dateline": "SAN SALVADOR, 6 MAR 90 (AFP)",
    "doctext": "military sources reported today that fighting broke out on the night of 5 march in the war-torn chalatenango department to the north of san salvador, where the guerrillas suffered eight casualties.    the armed forces press committee reported that the clashes took place near san isidro labrador, where three guerrillas were killed and five others were wounded.    the farabundo marti national liberation front (fmln), which has been fighting the u.s.-backed army for the last 10 years, has traditionally maintained a high profile in strategic areas of chalatenango.    meanwhile, urban guerrilla commandos harassed troops belonging to the 1st infantry brigade last night at the mariona penitentiary, located on the northern outskirts of san salvador, apparently leaving no casualties.    atlacatl battalion troops, which maintain a counterinsurgency operation at the foothills of guazapa hill, to the north of san salvador, confiscated war materiel that the guerrillas had hidden underground.    in another turn of events, fmln sappers who continuously sabotage the electrical power system destroyed several high-voltage posts in la libertad and cabanas departments in the central part of the country, and in usulutan department in the southeastern part of the country.    there were widespread power outages in the three departments while technicians of the state-run electric power companies repaired the damage.    the army and security corps deployed heavy patrols in san salvador and in cities in the country's interior to try and counter the wave of attacks.",
    "arson": 0,
    "attack": 0,
    "bombing": 0,
    "forced work stoppage": 0,
    "kidnapping": 0,
    "robbery": 0,
    "comments": ""
  },
  {
    "docid": "DEV-MUC3-1158",
    "dateline": "SAN SALVADOR, 8 MAR 90 (RADIO CADENA YSU)",
    "doctext": "good evening, listeners.  in order to bring calm to all san salvador residents, and also to people living in the interior of the country, we inform you that a few minutes ago, experts of the electric light company of el salvador, caes, confirmed that despite a few attacks on some power towers, energy service is completely normal throughout san salvador.  the caes experts added that there was a short power outage in large parts of san salvador, but that the situation is back to normal now.  the experts said that they also detected some damage in the energy system.    as you may have heard on this radio station earlier, harassment operations were carried out in several parts of san salvador at approximately 2115 tonight.    farabundo marti national liberation front (fmln) leftist guerrillas attacked military positions in san ramon, ayutuxtepeque, mejicanos, and cuscatancingo tonight.  it was said that a number of fmln members conducted lightning attacks on those military positions and then withdrew from the area immediately.    it was reported that the attack in san ramon lasted approximately 15 minutes, after which the army took control of that entire area. reports state that after the attack in ayutuxtepeque the guerrillas moved toward el carmen hill and counterinsurgency battalion members were pursuing the rebel columns there.  it was also reported that the rebels attacked military positions in cuscatancingo and on el fito street, mejicanos jurisdiction.    a few minutes ago it was reported that the shooting ended in ayutuxtepeque and in the other parts of northern san salvador, and that an air force helicopter is overflying the area to counteract the rebels' movement.    it was also confirmed that energy has been restored in some parts of san salvador, but not in cuscatancingo and ciudad delgado, where the guerrillas blew up several power towers.    the armed forces press committee (coprefa) has only stated that no casualties are reported as a result of these harassment operations, especially in the area of ayutuxtepeque.  coprefa indicated that 1st infantry brigade members have already taken strategic positions throughout northern san salvador and that these men are supported by salvadoran air force helicopters, which are lighting the area with spotlights and flares.    according to the official report, the situation at this time is completely normal in northern san salvador, despite the panic that spread at approximately 2115 when heavy shooting, machinegun fire, and the detonation of powerful bombs were heard.    neither coprefa nor the specific military positions that were attacked have reported casualties so far.  it was said that tomorrow morning coprefa will issue an overall report on the results of these clashes.  salvadoran red cross sources said tonight that they do not know of any civilian casualty resulting from these armed incidents.    this has been a report on the attacks carried out in northern san salvador tonight.  we invite you to join us tomorrow for a report on the development of events.",
    "arson": 0,
    "attack": 0,
    "bombing": 0,
    "forced work stoppage": 0,
    "kidnapping": 0,
    "robbery": 0,
    "comments": ""
  },
  {
    "docid": "DEV-MUC3-1271",
    "dateline": "LIMA, 7 MAY 90 (AFP)",
    "doctext": "the police confirmed today that presidential candidate alberto fujimori escaped a dynamite attack perpetrated by a shining path cell on 6 may.  according to the police, the dynamite charge was detonated on the route followed by fujimori's motorcade in the district capital of san juan de lurigancho.    the attackers left fliers identifying themselves as members of the movement for the people's defense, a shining path front organization. dora vilchez, a 26-year-old woman, was injured in the attack.    fujimori, who will contend with writer mario vargas llosa in a runoff election during the first half of june, was only informed of the attack by his aides after the police had tightened their security around him.  the \"change 90\" leader minimized the attack and continued his scheduled activities.    the police said that a shining path group managed to infiltrate a crowd of demonstrators and set off the dynamite charge on the route followed by fujimori's motorcade, near a local market, on the eastern side of lima.    vilchez, who was seriously injured, was hospitalized.    the bomb squad unit (ude) defused another explosive device near the market.    the fliers disseminated by the terrorists urged the people not to vote in the runoff election.  one of the fliers said: \"neither fujimori nor vargas llosa is the solution because they both represent the right wing.  long live the armed struggle.  pcp.sl.\"  expansion unknown",
    "arson": 0,
    "attack": 0,
    "bombing": 0,
    "forced work stoppage": 0,
    "kidnapping": 0,
    "robbery": 0,
    "comments": ""
  }
]
